query,intent,query_date_time
Kahana Point,I wanted to see if there was a trail at Kahana Point (in Maui) and if there were other activities nearby.,2022-06-11 15:11:00
ibuprofen 800mg side effects,"I'm trying to find the side effects for the medicine ibuprofen (in 800mg pill form), ranging from common side effects to rare side effects.",2022-06-11 08:29:00
asics sandals,I was looking for a particular footwear that I am planning to gift to my father for the upcoming father's day celebration. I was wondering if I could buy it online since I cannot really find the item in actual stores.,2022-06-10 19:24:00
Forewarned,"I was looking up the video game titled ""Forewarned"" after a friend recommended it to me.",2022-06-11 18:56:00
LOLTNA History,"TNA was a pro wrestling league with a reputation for being really bad and doing dumb things on their shows. I was looking for a link to a well known, fan-made wiki called LOLTNA history that cataloged the aforementioned dumb things.",2022-06-09 23:34:00
twitter downloader,I wanted to download a video from a Twitter post,2022-06-11 22:22:00
IHOP menu,I am looking for the menu of IHOP. I'm hoping it's for the one in my area.,2022-06-11 17:32:00
zachary latham,I want to find out more details of the murder case against Zachary Latham.,2022-06-12 06:24:00
anoka high school track and field,I am trying to find the track and field schedule for the week for Anoka High school students. My son runs track and I wanted to see what the schedule was for the week.,2022-06-07 14:42:00
all wordles so far,"I wanted to see a list or the words used in the game ""Wordle"".",2022-06-11 01:01:00
asymptomatic std in males,I was hoping to find a summary of asymptomatic sexually transmitted diseases in men. I am currently studying for a medical-related exam and I came across this topic but it was not elaborated on the resources I have.,2022-06-10 23:32:00
happy birthday wish in german,I was looking for birthday greetings in German language. This if for my friend who currently lives in Germany because it is his birthday.,2022-06-11 07:18:00
tiktoker murdered neighbor,I am trying to find the name of the tiktoker who murdered his neighbor.,2022-06-12 06:23:00
calories in Kirkland Signature roasted chicken and swiss roller tray,I want the calorie count of one serving of Kirkland Signature roasted chicken and swiss roller tray. I need this to enter into my Fitbit.,2022-06-11 15:37:00
ramsay hunt syndrome,I wanted more information about Justin Bieber's current health condition. It was in the news that he is currently suffering from Ramsay Hunt Syndrome.,2022-06-11 08:54:00
broken clavicle after surgery treatment,I'm trying to find information on how to care for a broken clavicle after surgery is complete. I'm hoping to find general information about this so I know what to expect once my boyfriend goes in for his surgery.,2022-06-11 09:29:00
how much dry food does a 76 pound dog need daily,I wanted to make sure my dog was eating enough food daily.,2022-06-11 10:26:00
chewy promo code,I was looking for a coupon code for Chewy.,2022-06-11 09:50:00
bdo online banking app discontinuation,"I received a message from my bank that they will soon discontinue their services on their online banking application. However, they did not give further details about it so I wanted to find out more about the reason for it and what options I have given that I am heavily dependent on their app.",2022-06-12 10:09:00
how to make paper tape stick on gauze,I'm trying to figure out the most effective way to make paper tape stick to a wound wrapped in gauze.,2022-06-11 08:12:00
sneak past,I wanted to double check the correct past tense of this verb.,2022-06-11 21:55:00
hepatek price philippines,I was trying to search for a price of a particular food supplement for my personal use.,2022-06-10 15:51:00
Jiri Prochazka,Jiri Prochazkal is a fighter for the UFC who was challenging for the world championship on their most recent card. I wanted to find out more information about him and view his fighting history.,2022-06-12 02:26:00
father's day 2022,I wanted to know which Father's Day falls on in 2022.,2022-06-11 15:00:00
how to clean birkenstocks,"I was looking for tips on how to clean my Birkenstock sandals. I wanted to clean my sandals but given its sensitive material, I wanted to know the right process in doing so.",2022-06-11 12:59:00
does ice help a broken bone,I'm trying to figure out the best possible way to treat a broken bone with ice and if I should even use ice for this type of injury.,2022-06-11 09:40:00
oxycodone side effects,"I'm trying to find out the side effects of the medicine oxycodone, ranging from common side effects to rare ones.",2022-06-11 08:23:00
intervention vs endpoint,I wanted to check the differences between both concepts in a research or paper context.,2022-06-11 12:52:00
gsw vs celtics games,"I wanted to check the results of game 4 of the NBA finals at this moment, since I cannot watch it yet due to being a bit busy working.",2022-06-10 21:05:00
kaanapli,"I was looking for what activities there are near Kaanapli, Maui.",2022-06-11 15:09:00
The Quarry game,I wanted to find more information on the new video game The Quarry. I was hoping Google would list several news stories about it,2022-06-09 21:42:00
where is jurassic movie playing near me st petersburg fl,I was looking for the closest movie theater to me that is showing the new Jurassic Park movie.,2022-06-11 09:16:00
golden state next games,I wanted to check the exact date and hour of the next NBA finals game,2022-06-11 23:23:00
philsys national id requirements,I was looking for a list of requirements needed to apply for a particular government ID. I wanted to access official government websites indicating such list if available.,2022-06-11 15:24:00
fresh off the boat season 5 123movies,"I was looking for the 5th season of the TV show Fresh Off the Boat, which I wanted to watch.",2022-06-10 20:44:00
davao to germany flights,I am planning to visit my friend in Germany by early next year so I was looking for flights from my current city to Germany. I just wanted an estimate of the cost and the available flight schedule so that I can plan ahead and budget ahead.,2022-06-12 08:02:00
bayou,"I wanted to know what the meaning of the word ""bayou"" is.",2022-06-11 01:01:00
index match to find max value,"I need a formula that finds the maximum value in a column C, then show me the name of the item in the same row in column A (kinda difficult to translate, but I think it is clear)",2022-06-11 01:10:00
how to wrap up wounds with gauze,I'm trying to find the best possible way to securely wrap small wounds with gauze.,2022-06-11 09:52:00
tchouameni real madrid player,"I wanted to check some news about this football player, how much he was signed for, what position does he play and some highlights.",2022-06-12 01:02:00
broken right clavicle,"I'm trying to find information about a particular injury to the shoulder. I'm hoping to find a range of information, such as severity, treatment options, and typical recovery time.",2022-06-11 08:47:00
trypanosoma cruzi chagas,I wanted to confirm whether Chagas disease is indeed caused by an organism named Trypanosoma Cruzi. I am currently studying for a medical-related exam and the reading materials I have did not mention this correlation but in my previous studies I believe it was mentioned.,2022-06-11 22:54:00
Ethereum,I wanted to know what the current price of the cryptocurrency Ethereum was at that moment,2022-06-11 18:48:00
broken clavicle surgery recovery time,I'm trying to find the average recovery time for a broken clavicle injury.,2022-06-11 09:02:00
pucallpa,"I wanted to double-check the spelling of Pucallpa, a city in Peru.",2022-06-11 19:10:00
neosporin for open wounds,I'm trying to find out if neosporin is a good over the counter treatment for small open wounds.,2022-06-11 10:02:00
median vs average in excel,I wanted to check the differences between both formulas.,2022-06-11 01:20:00
pop up drain stuck down,I am trying to fix my bathroom sink and looking for solutions to get the pop up drain to open as it is stuck down.,2022-06-15 08:11:00
eventbrite la,"I wanted to know what events were coming up next week in Los Angeles, CA.",2022-06-15 20:58:00
who is Ray Epps,I keep reading comments on Facebook referencing Ray Epps and the January 6 Capitol insurrection. I want to know who this person is.,2022-06-13 20:18:00
Mickey Rourke plastic surgery,I was looking for pictures of the actor Mickey Rourke who is known for having had a lot of plastic surgery.,2022-06-12 15:44:00
metal gear solid hd collection vs legacy,"Metal Gear Solid is a video game franchise that has released remasters of their older games remastered in HD twice. I wanted to find out which release, the HD Collection or the Legacy Collection was better so I knew which to download",2022-06-12 15:26:00
maximum pulse,"I was trying to figure out how a person calculates their maximum pulse. Specifically, I was looking for the equation that uses people's age to find their max pulse.",2022-06-12 16:28:00
what month does medical residency start in UK,I wanted to find out about the usual start month for medical residency in the United Kingdom. I am planning to apply for such training but I still needed to take some exams so I wanted to find out the usual start date to align all the dates of the exams I need to take to start training in the UK.,2022-06-12 14:31:00
What is the STRONGEST muscle in the human body?,I wanted to know what the strongest muscle in the body was (the one that can exert the most force).,2022-06-14 23:05:00
Jesse Tolin death,I am looking for a death date for my grandfather as we are working on the family tree. I am hoping I get a link to vital records where the death occurred.,2022-06-13 21:15:00
gsw vs celtics score,I missed today's game so I wanted to check how did it end,2022-06-13 22:56:00
nearest ups drop off store,I was trying to find the closest store that would accept a return for a product from Amazon. Amazon uses UPS drop off points for returns.,2022-06-14 16:16:00
HP DL380 gen 10 quick specs,I'm trying to find official specification sheets for a Hewlett Packard data center server. The official documentation off the HP site or any other support documents would be most useful but any pertinent details would be welcome,2022-06-14 13:46:00
wow hunter tbc bis,I wanted to check the best items for a character in a videogame,2022-06-12 16:31:00
passable gallstone size,I have a patient with an ultrasound result indicating that he has some gallstones. I wanted to explore medical journals where there is an information about usual size of gallstones that can spontaneously pass out from the gallbladder since this is not really my expertise.,2022-06-14 09:02:00
feedback loop,"I was looking for the definition of a feedback loop, specifically in the context of medical terminology.",2022-06-12 21:16:00
UK vehicle tax online payment,"I needed to find the official website to pay for my car's road tax, which is due to expire at the end of the month. Only the official government website is relevant.",2022-06-13 10:05:00
periosteum pronunciation,I wanted to know how to pronounce periosteum.,2022-06-14 23:00:00
the broad museum,I wanted to navigate to The Broad website to reserve tickets for the art museum.,2022-06-14 20:48:00
model pliers,"I wanted to know what ""model pliers"" were and if they were different from regular pliers.",2022-06-13 17:43:00
Cisco UCS blade chassis specs,I'm trying to get information regarding a piece of data center technology and see how it compares with a product that I'm more familiar with for work. The official support site with product guides would be particularly useful.,2022-06-14 17:32:00
nearpod,I wanted to access the program Nearpod to view slide presentations that were shared with me.,2022-06-13 09:53:00
index match to find min value,"I wanted a specific formula that returns the value of a cell when compared with the same row in a different range (something like this =INDEX(F3:F11,MATCH(MIN(C3:C11),C3:C11,0))",2022-06-14 22:27:00
australia peru final result,I wanted to check which players scored and which one missed on this game,2022-06-13 20:21:00
am2r latest version,AM2R is a fan remake of the game Metroid 2. I was trying to find out what the latest version that had been released was,2022-06-15 00:36:00
Affordable Connectivity Program,I am looking for details for the Affordable Connectivity Program from the government that gives free or reduced cost internet.,2022-06-13 17:39:00
Pierce Brosnan,I saw a posting about Pierce Brosnan on Facebook and I was curious about some parts of his upbringing and personal life.,2022-06-13 08:40:00
periosteum,I was looking for a brief overview of the periosteum.,2022-06-14 23:00:00
vita flashing battery,My Playstation Vita (a handheld game console) was displaying a flashing battery picture when I pressed the power button. I was trying to find out what this meant.,2022-06-14 10:57:00
New TGI Friday's opening in York,I know that there's a new restaurant opening near me at some point soon but I want to know when that will be as work on it hasn't started yet. The official site would be good if there's news there or something more local to myself where they have some useful information.,2022-06-13 21:02:00
epididymal fibrosis,I wanted more information regarding this medical condition since I had a patient that was diagnosed with such problem and I am not really very familiar with it. I wanted to gather information from reliable sources such as medical journals or articles from reliable websites.,2022-06-14 09:59:00
timberline glamping,I am looking for a glamping company close to my area. I am looking for the price per day and where they are located.,2022-06-13 17:40:00
New Americana,"I wanted to hear the song ""New Americana"" by Halsey. I knew Google would link to the song on Youtube.",2022-06-13 19:05:00
Dr. Zakir Naik,My friend from Bangladesh and I often discuss religion. He suggested I look up this well-known Muslim speaker.,2022-06-14 20:43:00
bdo online banking locked,I got locked out of my online banking account because I forgot my username and password. I wanted to find out how to fix this issue.,2022-06-12 22:44:00
lambda ai,"I was looking for recent news articles on Google's AI, Lambda. Specifically looking for news about the engineer who thinks it is sentient.",2022-06-12 21:00:00
standard deviation formula,I was looking for the equation that defines how to find the standard deviation of a data set.,2022-06-14 15:48:00
Jurassic World Dominion,I wanted to check if this movie was available in theaters near my location,2022-06-13 23:41:00
slack,I wanted to login to the slack app.,2022-06-14 09:38:00
When is the third January 6 insurrection hearing?,I want to know when the third January 6 public hearing will be televised live.,2022-06-13 13:36:00
maximalist,"I was looking up the definition of the word ""maximalist"" after hearing it used when discussing Bitcoin",2022-06-14 10:57:00
around and around we go,"I was looking for where the expression ""around and around we go"" originated from.",2022-06-14 19:06:00
costa rica game,I wanted to check the score of this qualification game for the World Cup 2022,2022-06-14 21:24:00
what to do in sawtelle,"I was looking for what to do in Sawtelle, a street/neighborhood in Los Angeles.",2022-06-14 20:50:00
Tales of Hearts R English voices,Tales of Hearts R is a role playing game for the Playstation Vita. I was trying to find out if the voice acting was in Japanese or English.,2022-06-14 22:43:00
clinic decorations,We are trying to improve our workplace and I am trying to look for wall decorations that we could use. I am searching for something that we can order online.,2022-06-13 08:59:00
tiktok downloader android,I wanted to check some apps for Android that allows me to download these videos from TikTok without watermark,2022-06-13 20:56:00
temperature baking Italian sausage in oven,I need the temperature and time to make Italian sausage in the oven. I hope the first result will tell me what I need without clicking on it.,2022-06-13 16:00:00
occupational health and safety posters,We are trying to improve our clinic and I am trying to look for an infographic that we can put in our walls for our patients to read while waiting. I am looking for something we can order online.,2022-06-13 09:01:00
running problems,I was looking for some of the negative side effects of running.,2022-06-14 08:01:00
cardano price,I was looking up the current price of the cryptocurrency Cardano.,2022-06-13 18:11:00
win 10 quick format vs format,I needed to format a USB memory stick. I wanted to know if there was a difference between using quick format or going the formatting option that takes longer.,2022-06-14 22:55:00
PS3HEN instructions,PS3HEN is a method of jailbreaking the old Playstation 3 console. I was looking for the instructions as I had neglected to bookmark them before.,2022-06-14 23:42:00
masseter,I wanted to know what the masseter was and where it was located on the body.,2022-06-14 23:06:00
coffee project menu,There is a newly-opened coffee shop near my place and I wanted to find out what is in their menu. I was also looking to find out more about their price range.,2022-06-14 15:59:00
Michelin star restaurants in Pinellas County Florida,I want to know if there are any Michelin star restaurants in my area. I hope the result will show ones close to me.,2022-06-13 17:50:00
perfect hard-boiled eggs,I am looking for instructions for making a good boiled egg. I'm hoping it's at the top of the results.,2022-06-13 20:02:00
Inshallah,"I have a friend on Reddit from Bangladesh that I chat with to help him learn better English. He used this word after I said something while chatting, and I wanted to know what it meant.",2022-06-14 20:17:00
anoka football 2022,"I am looking up my son's football schedule for this week. Summer practices start this week, but I haven't received a schedule, so i am googling to see if it's posted to the site yet.",2022-06-13 12:33:00
jurassic world dominion cast,I wanted to check the names of the actors on this movie,2022-06-14 23:14:00
slack,I wanted to login to my Slack account to check notifications.,2022-06-13 15:05:00
avamys nasal spray breastfeeding,I am looking to prescribe a particular medication to a patient but I wanted to find out more information regarding its effects on breastfeeding. I wanted to access results from medical journals from reliable sources.,2022-06-14 14:41:00
anoka track and field,I am looking for the rankings from the state tournament from over the weekend. My son runs track and I wanted to see how the team did.,2022-06-13 08:15:00
peru australia game,I wanted to check the exact hour for this soccer game,2022-06-13 11:49:00
immune system functions,I wanted a comprehensive list of what the immune system does.,2022-06-16 11:33:00
what elements are involved in fire,I wanted to know what elements were involved in creating a fire.,2022-06-16 13:44:00
legend of dark witch ps vita review,"I was looking for a review of the PS Vita game ""The Legend of Dark Witch"" in order to decide whether or not to download it.",2022-06-16 05:28:00
rheumatoid arthritis,I wanted to learn about the disease rheumatoid arthritis after my mother was diagnosed with it.,2022-06-14 10:07:00
Emagine Theaters Rogers,I am looking for the movie schedule for this coming weekend because I'd like to watch some movies as it's supposed to be very hot here.,2022-06-15 07:10:00
Papa Johns pizza coupons,I am going to order pizza for dinner and wanted to see what coupons they have available right now.,2022-06-15 12:51:00
Does Nutanix still license SSD capacity?,"I'm looking at Nutanix hyperconverged software and need to find out how their licensing works - specifically whether or not they still charge for certain storage. I'd like a clear, official document as I have heard unofficial sources give conflicting information.",2022-06-15 10:09:00
Twists for natural hair,I am looking for care tips to help my son care for his hair.,2022-06-16 08:50:00
Mann theatre Champlin,I was looking to see what the new movies were for this coming weekend because it's supposed to be super hot here and I want to find something good to watch.,2022-06-15 07:02:00
How do I get a toddler to let me brush their teeth?,"My youngest is 13 months old and has a few teeth that need brushing everyday but she doesn't like me doing it - I'm hoping to find advice, professional or anecdotal, on how to make the whole process easier for us both.",2022-06-16 14:35:00
What is a lupus flare exactly?,I wanted to know exactly what happening to a person's body when suffering a lupus flare. I was hoping to find information from a reputable medical website.,2022-06-16 06:20:00
tendonitis vs shin splints,I wanted to know the difference between tendonitis and shin splints.,2022-06-14 23:08:00
youtube polyphia playlist,I wanted to listen to this band newer songs,2022-06-15 15:46:00
dna diagram,I wanted to see a labeled diagram of DNA.,2022-06-15 10:10:00
what does tinkercad look like,I wanted to know what the interface looked like for TinkerCAD.,2022-06-15 10:31:00
Ethereum price coingecko,"I was looking for the price of the cryptocurrency Ethereum, and wanted to view the price on the website coingecko",2022-06-16 11:56:00
eye diagram labeled,I wanted to see a labeled drawing of an eye.,2022-06-15 09:31:00
sake bomb,I wanted to know what was in a sake bomb.,2022-06-15 20:30:00
autoclickers for android,I wanted to check some of these apps for Android to write a blog post,2022-06-15 10:13:00
why are europe and asia different continents,I want to answer this question after getting into a discussion with someone. I want to know why they are considered separate rather than one continent.,2022-06-15 20:59:00
iphone 10r price,I wanted to check how much is this smartphone on my local currency to compare it with other options,2022-06-15 18:37:00
how much is commercial flight school,I'm trying to find out the cost of flight school. I'm hoping the answer is in the first result from a legitimate site.,2022-06-15 22:22:00
PKGJ,"I was looking up the app called ""PKGJ"" for the Playstation Vita that allows you to download games on jailbroken console.",2022-06-12 11:58:00
misanthropic definition,I need to know the definition of misanthropic. I hope I can get a quick answer instead of clicking on links.,2022-06-15 22:00:00
real madrid president interview,I wanted to check the most interesting things about today's interview to the president of this soccer team,2022-06-15 22:45:00
google maps,I wanted to access Google Maps to find the distance to a particular location.,2022-06-15 17:20:00
opening times for cinnabon monks cross york,"I was watching tv and Cinnabon was mentioned so I'd like to know when the nearest store to me is open - the official site would be good but I also like the Google information panel that comes up with lots of detail like when the site is busy, etc.",2022-06-15 21:59:00
immune system,I wanted a comprehensive diagram or description of the immune system.,2022-06-16 11:32:00
tonal languages list,I wanted a comprehensive list of the major tonal languages.,2022-06-15 20:51:00
tinkercad student accounts,I wanted to know what the TinkerCAD interface looked like from student accounts.,2022-06-15 10:29:00
Best times of year to visit Myrtle Beach,"I've been thinking about holidays recently and was interested in Myrtle Beach and would like more information. Any travel site or official tourist site might be useful, even user forums, as long as there is plenty of credible information available.",2022-06-16 14:05:00
How old is Penny Johnson Jerald?,"I was watching the latest episode of 'The Orville' with my wife and we got into a discussion about the actors and I knew this particular actress was older than she looks, while my wife didn't believe me, so I looked her up.",2022-06-12 20:49:00
why black is hotter,I wanted to know the physics of why black clothing tends to make people feel warmer than when they wear other clothing.,2022-06-13 17:55:00
crock pot corn on the cob,I am looking for a recipe to make corn on the cob in the crock pot because i want to avoid using my oven if i can.,2022-06-15 08:48:00
supported configurations for single node Azure Stack HCI cluster,"I need to find officially supported designs for Microsoft's Azure Stack hyper-converged solution. Official documentation from Microsoft or supported vendors will be the most useful, pre-sized templates would be ideal, if available. Pros and cons of the solution would also be interesting.",2022-06-15 12:33:00
best android autoclickers,I wanted to check the best apps of this type for a blog post I am writing,2022-06-15 17:24:00
vertebrae,I wanted to see an image or description of vertebrae to figure out whether or not it was related to the spine.,2022-06-15 13:53:00
children's birthday party venues York,I'm trying to find good ideas for party locations for my daughter's upcoming 5th birthday. I'd like to see a variety of suitable locations nearby but also some parent sites/forums that have reviews and other ideas,2022-06-18 20:00:00
sumif 2 conditions formula,I wanted to check the exact Excel formula for adding 2 different conditions in the same table.,2022-06-18 19:01:00
kaiser address roseville,"I was looking for the address of Kaiser Permanente in Roseville, CA.",2022-06-17 17:09:00
colombia election 2022 candidates,I wanted to check more about the presidential candidates in Colombia since tomorrow there will be elections in this country,2022-06-18 15:43:00
Pot roast in oven,I am looking for a pot roast recipe to make in the oven.,2022-06-18 18:57:00
tarapoto lima kayak flights,I've been checking flights and hotel rooms all day long; just need a flight back home for a certain date,2022-06-17 21:24:00
find minimum value with match index,I wanted to check the formula to return the value of a cell when it matches a certain criteria in other columns,2022-06-17 23:30:00
lima tarapoto jetsmart prices,I ended up deciding to fly on this airline; just wanted to check a couple of things before buying the flight tickets,2022-06-17 23:04:00
next rock concerts lima,I am checking some concerts in my city in the next months,2022-06-18 02:28:00
Next postal holiday,I wanted to know when the next postal holiday was coming up due a package showing a later delivery date than expected. Was hoping to get a knowledge box with a list of holidays,2022-06-17 11:57:00
uncharted 2 digital treasure map,I wanted to know what this DLC for the game Uncharted 2 did exactly. Was hoping a gaming site would the info I needed,2022-06-18 16:25:00
fyp tiktok,"I was wondering what ""fyp"" means in tiktok because I often see it in hashtags of videos.",2022-06-18 21:32:00
how to see who liked your tiktok video,I was wondering if tiktok likes are indeed anonymous or not if one does not have an account.,2022-06-18 21:27:00
kyowa brand,I was wondering if Kyowa is a trusted brand and I also wanted to know where the brand originated.,2022-06-19 10:01:00
Scourgebringer,I saw the game Scourgebringer in a Youtube video about Vita games. I wanted to find a review of it to know whether to download it,2022-06-19 07:11:00
excel subtotal functions,I was looking for the 1 to 9 functions of this formula in Excel/Spreadsheets,2022-06-18 01:16:00
tokyo twilight ghost hunters ps vita review,I am looking for good games to add to my jailbroken PS Vita system. I was hoping to find a review of this game so I'd know whether or not I wanted to download it.,2022-06-17 14:15:00
r kelly age,I wanted to know how old R Kelly is.,2022-06-19 17:00:00
lax rideshare,I wanted to know where the rideshare pick-up is at the LAX airport.,2022-06-17 22:39:00
.deb,I wanted to know what a DEB file was.,2022-06-18 22:17:00
f1 dates and location,Some friends were talking about this Formula 1 race and I wanted to check some details about it,2022-06-19 09:32:00
anthony rendon contract,I just saw some news regarding this baseball player and wanted to check how much time they had left on their contract,2022-06-17 17:57:00
Xenon Valkyrie+ PS VITA,I wanted to know more about the game Xenon Valkyrie+ for the PS Vita. I was hoping for a review of the game and I found several,2022-06-19 08:15:00
free antigen test government,I wanted to order a free COVID testing kit from the government.,2022-06-19 18:48:00
good ways to keep cool at night,"It's been a hot period recently and tonight is the hottest day of the year so far - I'd like helpful hints on how to keep cool at night and sleep better. Official health sites, general Q&A forums on people's own tips and everything in between will be welcome.",2022-06-17 22:17:00
f1 race today,I wanted to check the exact hour of the Formula 1 race today,2022-06-19 12:24:00
is r kelly in jail,I wanted to know whether or not R Kelly was currently in jail.,2022-06-19 17:00:00
lima tarapoto one way,"I am checking prices for this flight on different airlines, specially the low cost ones since it's a weekend trip",2022-06-17 20:03:00
ipv4 vs ipv6 comparison,I wanted to check the differences between both IP systems,2022-06-18 04:17:00
PS3 Bloodstained wiki,I wanted to find out if the game Bloodstained was released on the Playstation 3. Was sure the Wikipedia entry would have this info.,2022-06-17 18:46:00
black disciples,"I'm trying to find information on a gang, I hope to find the Wikipedia article for it and maybe some helpful videos and articles",2022-06-17 19:15:00
bluestacks,Bluestacks in an android emulator for windows. I was hoping to find the official site so I could download it,2022-06-17 13:11:00
Croozer bike trailer spare parts,I've been given a bike trailer but it's missing the bracket to attach it to the bike so I'd like to find an official website that will sell spares that will definitely fit what I have.,2022-06-18 21:27:00
botanical garden ucla,I wanted to know what the hours are for the botanical garden on UCLA's campus.,2022-06-18 11:20:00
how to reset helminth secretions,I'm looking for information on how to reset helminth secretions in Warframe.,2022-06-18 18:40:00
Panda Express menu.,I was looking up the menu because we are going to eat there for dinner.,2022-06-18 14:14:00
covid 19 pain reliever,I was looking for which over-the-counter medications are helpful for treating COVID-19.,2022-06-17 22:02:00
ps vita open me ar card,I was hoping to find images of the AR cards used for certain games with the PS Vita,2022-06-17 13:25:00
who won colombian elections,I wanted a quick review of these elections and their results,2022-06-19 18:07:00
problems with Philips Hue smart light bulb,"I've got some issues with my smart light bulbs and want to find an, ideally official, support page to help me troubleshoot the issues",2022-06-17 21:40:00
morshu voice actor,I want to know who does the voice for Morshu in the Zelda game.,2022-06-18 21:47:00
asics polo shirt,I was looking for available designs of Asics polo shirt to give me an idea what to buy before going to the actual physical store.,2022-06-18 12:08:00
owndays complaints,I was looking for a way to file a complaint for a particular store to which I had a bad customer experience.,2022-06-18 16:19:00
difference between usable and effective capacity,I have come across the two terms while working and wanted to be clear on the difference between them in the context of data center storage - I just need a quick answer or a reference site that can go into more detail if necessary,2022-06-17 15:23:00
8th anniversary gifts UK,"my wedding anniversary is coming up and I want to know what the anniversary is in the UK (paper, wood, gold, etc.. ) and to get some ideas of what to buy. I expect Google to answer the question straight away with some links to retail sites or unique gift sites like Etsy",2022-06-18 17:15:00
human nature mens deodorant,I was looking for a particular type of deodorant online because I cannot find it in the actual store.,2022-06-18 18:01:00
infj-t,I came across a personality type which is INFJ-T and I was wondering about its description.,2022-06-18 14:22:00
the steam client service on local computer started and then stopped,My brother kept getting this error when trying to start Steam on his PC. I was hoping to find a page that had a solution to the issue,2022-06-17 20:25:00
Reviews for Neptune restaurant,"I want the reviews for a restaurant called Neptune in Gulfport, Florida",2022-06-18 06:06:00
"time difference between UK and Denpasar, Bali",I just need to know what the time difference is in order to work out times to call people. A quick answer would be perfect but any reference or travel site that gives me the details would be fine,2022-06-17 21:17:00
api meaning computer,I wanted to know what API stood for in regards to documentation.,2022-06-17 22:44:00
madrid barcelona basketball final,I was checking the results of the 4th game of this basketball final,2022-06-19 12:25:00
best towns to visit in peru,"I am planning a small trip soon and wanted to check my options, flights, reservations, places to visit, etc...",2022-06-17 13:22:00
devs hbo netflix,A good friend recommended me this TV series and I wanted to check where were they streaming it,2022-06-17 21:25:00
isolation vault tier 3,I'm trying to find isolation vault in tier 3 in Warframe,2022-06-19 18:39:00
See clickfix,I was looking for the website to report code violations to code enforcement.,2022-06-18 21:00:00
what to do in tarapoto peru,I am planning a small trip to this town and wanted to check some fun activities and tourist places,2022-06-18 13:04:00
hard swollen chin,My chin began to swell up and get really hard. I was hoping to find info on why this keeps happening,2022-06-17 11:15:00
bleached flour,"I wanted to know what it meant for flour to be ""bleached"" (as opposed to unbleached).",2022-06-19 19:11:00
lima tarapoto flights,I am keeping an eye on price changes for these flights,2022-06-16 14:55:00
do you have to be terminally ill for make a wish,I was having a conversation with someone about Make a Wish and the question came up so I wanted to check - probably the official site will be the most reliable answer but any decent reference site or forum would do.,2022-06-19 21:06:00
rog strix rewards,ROG Strix is the brand of gaming PCs made by ASUS. I wanted to find the homepage to their rewards program for owning one of their products.,2022-06-16 20:54:00
covid 19 symptom relief,I was looking for which over-the-counter meds are useful for treating COVID-19.,2022-06-17 22:00:00
conflict immunity biomanbio,"I was looking for an online game called ""Conflict Immunity."" It's on a site called biomanbio.",2022-06-17 10:49:00
easing lupus flares,"My mother suffers from lupus and is regularly hit with what are essentially attacks caused by the disease known as ""flares."" I was trying to find information on what I can do or what meds might help to make her more comfortable when she is flaring, as it makes it her feel absolutely terrible.",2022-06-16 18:12:00
lightyear film showings near me,I'm just seeing what the best showing time are for the film near to me so that I can take my daughter to watch it later in the week. Official timetables from local cinemas with links to their box office will be appropriate - a map might be useful to show me the nearest locations.,2022-06-19 22:06:00
timer in 15 minutes,I wanted an alarm or reminder in about 15 minutes to go check the kitchen,2022-06-16 23:34:00
Roboute Guilliman,"Roboute Guilliman is a character from the table top role playing game Warhammer 40,000 (and the books that flesh out the lore). I was hoping to find a video or possibly a fan-made wiki article about him",2022-06-16 17:14:00
ghost dog nintendo ds game,I'm trying to remember the name of an old game I used to play and to see if I could get it again - any reference site for the game is going to be useful plus retail sites or auction sites for buying it if possible,2022-06-19 21:30:00
cardano price coingecko,"I was looking for the price of the cryptocurrency Cardano, and wanted to view the price on the website coingecko.",2022-06-16 23:59:00
Can a dog have seizures due to its environment?,I am trying to find a cause for my dog's seizures. I want to see if it's possibly an issue with possible stress.,2022-06-19 21:00:00
full spectrum CBD the entourage effect,"While looking into the best CBD for treating lupus flares, I found several pages mentioning full-spectrum CBD (which contains THC, as opposed to broad-spectrum CBD which does not) works best due to what is called ""the entourage effect."" I wanted to find out what this meant and what exactly the entourage effect was.",2022-06-16 19:06:00
CBD broad-spectrum vs full-spectrum for lupus flares,"After finding information that CBD has been recommended by several doctors for dealing with a lupus flare, I noticed most suggested full-spectrum THC. I was hoping to find information explaining why they suggested full spectrum CBD over broad spectrum CBD.",2022-06-16 18:51:00
Tokyo Twilight Ghost Hunters Daybreak: Special Gigs steam,"Tokyo Twilight Ghost Hunters Daybreak: Special Gigs is an updated version of a game I had searched for previously. I was looking for a link to the Steam store page for that game, which would contain a wealth of info on it.",2022-06-16 22:25:00
yankees games today,I wanted to check the exact hour in which this game will be played and vs which team.,2022-06-16 20:00:00
blue screen kernel mode heap corruption,"Lately, my computer has bluescreened twice and given me this error message. I wanted to know what it meant and how to fix it",2022-06-19 21:42:00
is a bacteria a cell,"Because bacteria is the size of a cell, I wanted to clarify whether or not bacteria is actually considered a cell.",2022-06-17 08:40:00
gangster disciples,"I'm trying to find information on a gang, I hope to find the Wikipedia article for it and maybe some helpful videos and articles",2022-06-17 19:15:00
science of soap,I was searching for a video to show to kids that explains the chemistry of how soap interacts with water.,2022-06-17 08:34:00
mlb games now playing,I had some free time and wanted to check if there were any baseball games going on at this moment,2022-06-19 23:45:00
how to reduce size of files on desktop,I wanted to shrink the dimensions of the icons on my desktop.,2022-06-16 15:31:00
madera labrada lodge reservations,I am planning a week vacation in this city and wanted to check hotel prices to compare with other options,2022-06-17 10:47:00
celtics vs gsw results,I wanted to check how was the game going since I couldn't watch it from start.,2022-06-16 21:49:00
bitcoin price,I wanted to know the price of the cryptocurrency Bitcoin as it has been in free fall. I knew searching for this would lead to several pages with the answer,2022-06-16 22:01:00
vmware VDI sizing guides,"I'm trying to size a VDI environment for servers in a data center and want a good guide, ideally from the VDI software vendor with sizing recommendations based on average users. This needs to be a good guide but doesn't need to be too specific.",2022-06-19 19:20:00
usd to COP exchange,I wanted to check the actual exchange between these currencies,2022-06-19 23:44:00
virus bacteria diagram,I was looking for a graphic that showed the difference between a virus and a bacteria.,2022-06-17 08:16:00
find me guilty,"I was trying to find information on this movie, mainly the wikipedia article.",2022-06-16 18:11:00
is a virus a germ,I wanted to know if a virus was considered a germ.,2022-06-17 08:15:00
btc price,I wanted to consult both the actual and the historic prices of this cryptocurrency and maybe some news about it.,2022-06-16 23:58:00
CBD for lupus flares,"While researching lupus flares, I found a few testimonials saying CBD had helped people deal with their flare. I was looking for actual medical documentation that CBD might be helpful, not just hearsay",2022-06-16 18:41:00
Oculus Quest 2 Discord,I wanted to know if the Oculus Quest 2 was able to run the Discord app. Was hoping for page with the answer,2022-06-19 22:16:00
dna diagram,I wanted to view a labeled diagram of DNA.,2022-06-17 08:05:00
warm water vs cold water hand washing,I was looking for a video to explain to students the difference between washing your hands with warm and cold water.,2022-06-17 08:34:00
now you know (2002 full movie),"I was trying to find a download link for the movie ""Now You Know."" A friend of mine has been trying to find this movie and asked me to help.",2022-06-16 15:00:00
tarapoto lima flights,I wanted to compare several airlines prices for this route and get the best results,2022-06-17 01:42:00
what causes a tire blowout?,"I recently had a tire blowout and, having just found out the cost of some repair work I was wondering what caused it and how to avoid something similar in the future. General reference sites might be useful but reputable forums or other guide sites would be preferred to cover off preventative measures.",2022-06-17 20:15:00
tokyo twilight ghost hunters ps vita review,"I was looking for a review of the PS Vita game ""Tokyo Twilight Ghost Hunters."" I knew that a Youtube review would probably be the top result, which is the form of review I was searching for.",2022-06-16 22:11:00
vlad III of wallachia,"Looking for more information on Vlad. I want more details, not on the Wikipedia page. Maybe a research paper.",2022-06-20 04:42:00
Vlad the Impaler,"I want more historical information on Vlad the Impaler. The true history, not the convoluted one. Maybe a Wikipedia page.",2022-06-20 04:40:00
just because i love you don't go breaking my heart,"I heard a song with these lyrics, but I couldn't find my phone to Shazam it. I was hoping I could identify it with just these lyrics.",2022-06-23 11:45:00
Dr Sleep,"I want to know what Doctor Sleep, the movie, is about. I hope the first result is the Wikipedia page.",2022-06-23 09:00:00
battery for digital caliper,I have a digital caliper that needs a new battery. I was hoping to find the battery without having to open up the caliper.,2022-06-23 13:18:00
periodontal abscess,I wanted more information about periodontal abscess specially its signs and symptoms and treatment.,2022-06-23 09:22:00
machinedrum elektron sophie,"I know a musician uses a particular machine, so I was checking to see if I could guess the particular machine.",2022-06-23 09:31:00
project zomboid sale,I want to know when project zomboid is having a sale.,2022-06-23 01:40:00
does south carolina have rattlesnakes,I want to know if South Carolina has rattlesnakes. A simple yes or no answer in the results will suffice.,2022-06-22 18:39:00
Kailh Low Profile Choc Keycaps,I was looking for keycaps to purchase.,2022-06-23 00:18:00
deserts in the united states,I want a list of the deserts in the U.S. The first result should show me this.,2022-06-22 18:40:00
band 5 nurse salary,I wanted to find out the usual salary for a Band 5 nurse in UK. I am hoping to get an annual as well as monthly compensation range and if possible including the breakdown of the salary.,2022-06-22 12:49:00
cobra eyes,I was looking for an image of a cobra that clearly showcased its eyes to use as a reference for an animation.,2022-06-22 12:10:00
southampton,I wanted to find out more about Southampton. I actually wanted to have images or videos of the place and details such as cost of living and tourist spots.,2022-06-22 15:45:00
patellar tendinitis same as runners knee,This was an effort to try and self-diagnose knee pain.,2022-06-23 16:21:00
head and shoulders apple vinegar cider rinse,I was looking up reviews for a product I am interested in trying.,2022-06-22 14:35:00
babinski test,I wanted to find an image or video of how the test is done.,2022-06-22 14:32:00
cobra farm,I was looking for an image of a cobra farm to use as a reference for an animation.,2022-06-22 13:39:00
tony jones nba,I wanted to find the Twitter account of an NBA writer.,2022-06-23 13:08:00
Utah State Tax Commission,I received a tax notice. I wanted to visit the official site to see the full details.,2022-06-23 08:03:00
spire opd staff nurse,I was looking for a particular job posting in job search websites to find out about the usual salary range they are offering.,2022-06-22 11:05:00
i am the storm that is approaching lyrics,Looking for the song name that has this as a line in the lyrics. I am hoping I can find it in the first result.,2022-06-23 17:44:00
myoclonus,I wanted to find out the definition and possibly some images or videos of myoclonus.,2022-06-23 11:32:00
aldo doll shoes,I would like to access the official website of Aldo and view the doll shoes they have on their catalogue including the price. An online shop with the said products for sale could also be a good alternative.,2022-06-23 14:29:00
manga reader online android,I wanted to check some alternatives and apps for Android since I am writing something about it,2022-06-22 10:13:00
PJS008U-3000-0,I was looking for a particular electronic component. I wanted to see if it was available anywhere.,2022-06-23 08:10:00
mlb standings today,I wanted to check how are all baseball teams doing this season so far,2022-06-23 00:56:00
patellar tendinitis,I had minor knee pain. I was searching for possible causes.,2022-06-23 16:20:00
miso robotics,"I'm trying to find out if Miso Robotics has met its investment goal yet. Ideally, the first result should be their official page.",2022-06-22 18:07:00
refused the shape of punk to come,I heard a song from this album that I used to love. I wanted to listen to the entire album,2022-06-23 18:03:00
25655 pounds to php,I wanted to know the conversion of the amount to my local currency.,2022-06-22 12:49:00
doordash average price per delivery,"I wanted to check how much DoorDash charges for ordering from their app, since a friend mentioned that they usually pay a bit too much for this service",2022-06-22 21:23:00
4th of July fireworks near anoka,I am looking for fireworks date and time.,2022-06-23 07:15:00
old parr price,I wanted to check the prices and which supermarkets sell this product near me,2022-06-22 22:56:00
nmc uk,I wanted to access the Nursing and Midwifery Council website of the UK. I was hoping to get the actual link in the top of the searches.,2022-06-22 11:25:00
how to register with nmc from overseas,I was looking for a how to guide or a walkthrough on the process of doing the registration.,2022-06-22 11:32:00
slightest dull pain dental implant months later reddit,I was having a very small pain near a dental implant and I was hoping to reassure myself it wasn't an issue.,2022-06-23 11:34:00
new delhi vs delhi,I was looking to see what the difference is between New Delhi vs Delhi.,2022-06-22 13:40:00
xfinity streaming,I wanted to bring up the streaming app from my cable company.,2022-06-23 18:09:00
Hounslow and Richmond Community Healthcare,I wanted to find out where this particular institution is located and possibly more details such as its facilities and infrastructure.,2022-06-22 09:04:00
stm32 internal command error,I was having an error message when trying to program something. I was looking for troubleshooting help.,2022-06-23 07:52:00
wotlk release date,I wanted to check both dates of the original launch and the relaunch of a game,2022-06-23 13:55:00
"Â£23,000.00",I wanted to find out the conversion of the said amount to Philippine Peso including the current exchange rate.,2022-06-22 11:10:00
california electric car law company retiring nuclear power plant,I want to see when California's last nuclear power plant will be shut down. Hopefully there is a snippet so I don't have to click on webpages.,2022-06-22 18:12:00
how to get nmc pin,I was hoping to find guides or how tos in getting the NMC pin. I would also prefer if it was from the actual NMC website but they do not really provide accurate results.,2022-06-22 11:28:00
dragonflight changes,I wanted to check the major changes and updates of a new game coming later this year,2022-06-23 13:58:00
wipeout for birkenstock,I was wondering if Wipeout can be used on Birkenstocks for cleaning. I was looking for forums or guides or videos wherein Wipeout was used for cleaning Birkenstocks.,2022-06-23 16:03:00
twitter downloader,I wanted to download several videos from this page and I needed a website or program to do it,2022-06-22 18:21:00
Anita Alvarez,I saw a news article about a dramatic pool rescue. I was hoping to see video of it.,2022-06-23 10:08:00
how long has the British pound been around,I wanted to know when the British pound was first introduced.,2022-06-22 12:16:00
southampton to london,I wanted to know the distance from Southampton to London. I especially wanted to know the possible means of transportation and the travel time as well as the ease of travel.,2022-06-22 15:45:00
cdt actual time,I wanted to check the exact time in this timezone and check if it was the same one as mine,2022-06-22 19:35:00
Tony Siragusa,I heard someone saying RIP to this person. So I wanted to see if he was really dead.,2022-06-23 17:58:00
deluxe edition tbc includes 30 days,I was looking for an exact answer to confirm if buying a certain product included other items,2022-06-21 20:47:00
Valvoline express care,I looked up the hours for a local oil change business because my car needed an oil change,2022-06-22 07:43:00
bam margera don cesar,"I am looking for the news story about Bam's trouble at the Don Cesar in St. Pete, Florida.",2022-06-20 13:20:00
blocking youtube ads on firetv,"I wanted to know if it was possible to block ads on Youtube videos on a Fire TV, as my mother hates having to watch them. Was hoping to find either an app or instructions on how to block them",2022-06-20 07:15:00
What is quinine,This is something that I noticed was in my tonic water. I want to know if this is good or bad for me.,2022-06-20 12:10:00
3044131191,A strange number called me from our local area and I wanted to see if it was from anything that I recognized.,2022-06-21 14:35:00
delhi 1940,"I wanted to see was Delhi, India looked like in the 1940s.",2022-06-21 23:05:00
colombian elections results,I wanted to check the exact results of these elections and how many votes had every candidate,2022-06-20 21:37:00
for how long are you contagious with covid,I wanted to know if the timeframe of having COVID symptoms is similar to the timeframe of being contagious.,2022-06-21 10:09:00
1 usd to cop,I wanted to check the current exchange rate between both currencies and the historical behavior,2022-06-21 20:34:00
peeling of skin on fingers,I wanted to find out more and preferably have a list of diseases associated with the said symptom.,2022-06-21 13:59:00
conditional formatting highlight row,I wanted to check the formula to add a background to the entire row using a certain keyword,2022-06-21 16:48:00
does kohls have ovens,My oven is falling apart and I am starting the process for shopping for one.,2022-06-20 12:02:00
don't get out micro tdh,"I wanted to play the song ""Don't Get Out"" by Micro TDH.",2022-06-20 09:24:00
usps tracking,I wanted to track a USPS package online.,2022-06-21 11:03:00
youtube documentaries,I wanted a list of some popular documentaries available on YouTube.,2022-06-20 11:07:00
Football gloves,I am looking at different types of gloves for my son for football season.,2022-06-20 17:07:00
how does project zomboid remote play work,I want to know how to use remote play on project zomboid. I want the first result to tell me how.,2022-06-22 04:24:00
can you deposit cash at an atm,I need to deposit money into my account and wanted to see if I could do it at my local bank's atm because they are closed.,2022-06-21 17:15:00
ronca meaning,"I wanted to clarify the meaning of ""ronca"" in Spanish.",2022-06-20 14:23:00
How much is federal tax per gallon of gas,I wanted to know how much tax is on gas since it is supposed to be going away for 3 months.,2022-06-22 08:47:00
when is steam summer sale 2022,I want to know when steam is having their sale during the summer.,2022-06-22 04:27:00
india british colony,I wanted to know for how long India was a British colony and what it looked like during that time.,2022-06-21 23:05:00
Football skull caps,I am looking for a skull cap big enough for all of my sons hair.,2022-06-21 23:30:00
Cash deposit limit,I wanted to find out how much cash I can deposit at a single time at a bank.,2022-06-21 15:03:00
calcinosis cutis,I wanted to have more details about this disease that I came across in my readings since I am not very familiar with it.,2022-06-21 13:59:00
madera labrada 4 days reservation,I wanted to check prices and promotions for this hotel for a trip I am planning in the next few weeks,2022-06-21 15:26:00
knee psoriasis,I was hoping to find an actual image of psoriasis occurring in the knees.,2022-06-21 16:19:00
How did Serbia form,I want to know how and when Serbia was created. I am looking for a snippet explaining this.,2022-06-20 05:35:00
recipes with chicken breasts and chili,I got some chili and wanted to prepare this recipe at home,2022-06-20 22:05:00
pcso active calls,I heard sirens and I want to see if the sheriff's office shows any active calls. I want to know what's going on.,2022-06-20 12:21:00
does jcpenney carry ovens,My oven is falling apart and I am starting the process for shopping for one.,2022-06-20 12:00:00
wolf to human size,I wanted to visually see how large a wolf is compared to a human.,2022-06-21 10:40:00
kanopy,I wanted to access a program called Kanopy.,2022-06-20 11:07:00
wolf sitting,I was looking for a reference image of a wolf sitting for a short animation I was developing.,2022-06-21 10:35:00
solar panel installation costs,I'd like to know what the costs of installing solar panels would be on my house - I'd like official installer websites for companies local to me and also some reference sites with a good level of information on the process and pros/cons,2022-06-20 22:07:00
how to build decking,I'd like to do some work in the garden and build my own decking to save money - videos and other how-to guides would be most useful at first but also reputable dealers from where I could buy the materials and who will deliver,2022-06-20 14:26:00
snake extermination,"I wanted to know how snakes get exterminated. I was researching this for an animation about the ""cobra effect.""",2022-06-21 22:49:00
cbt exam,I was wondering what CBT exam means so I was hoping to find more details about it such as the scope of the exam and the method of taking it.,2022-06-22 09:03:00
hotel morgan,I searched for a hotel in my local area that I might stay at for a wedding.,2022-06-21 16:19:00
selena age at death,I wanted to know how old the artist Selena was when she died.,2022-06-21 23:28:00
roof repairs near me,I've got a leaky roof that needs a repair as soon as possible so I'd like a list of good local roofers who can get to work as soon as possible,2022-06-20 12:45:00
Bed in a box,I am looking for a new bed for my son.,2022-06-20 08:40:00
delhi british colony,"I wanted to see what Delhi, India looked like when it was under British reign.",2022-06-21 23:06:00
wolf running away,I was looking for a reference image of a wolf running for a short animation I was developing.,2022-06-21 10:33:00
reddit,I wanted to navigate to reddit just to browse the home page to see anything interested posted today.,2022-06-21 16:46:00
cobra skin,I was looking for an image of cobra skin to use as a reference for an animation.,2022-06-21 23:23:00
22Gz,"I'm trying to find information on this popular rapper, I hope to find news articles on him in the news tab",2022-06-21 13:13:00
CoachDaGhost,"I'm trying to find information on a popular rapper, I hope to find news on him under the news tab",2022-06-21 13:03:00
roe vs wade year,I wanted to check when did the original Roe vs Wade decision happen and how much time has passed since then.,2022-06-25 10:05:00
ucsd masters in clinical research,I wanted to find out about the application period as well as the requirements of a masters program in UCSD. A link to the official website would be ideal.,2022-06-23 20:44:00
sumproduct excel,I wanted to verify a specific scenario using this formula in Google Spreadsheet,2022-06-24 17:21:00
8018401858,I received a phone call from this number. I do this sometimes to make sure I'm not answering a spam call.,2022-06-25 11:42:00
air force one 1,"This was a mis-type. I was trying to add 1997 or click something that autocompleted to 1997, and it was for the movie that came out that year with that title.",2022-06-25 07:22:00
twitter,I was looking to get to the Twitter site via a Google search.,2022-06-25 10:57:00
what's a good cadence for 12 minute mile pace,I've seen recommendations to keep a high cadence while running. I'm a slow runner so I wanted to see what a good cadence is for a slower paced jog.,2022-06-25 09:34:00
billboard,I wanted to get to the Billboard music site. I wanted to see how Kate Bush was doing on the Hot 100 I believe.,2022-06-24 11:44:00
my condolences,I wanted to check on the proper way to offer condolences to someone who had a love one that died. I was hoping to find the correct words to used because I am unsure of my statement.,2022-06-24 16:26:00
twitter,I was just trying to get to the Twitter website through a Google search.,2022-06-24 01:41:00
Kijuan Byrd,I am looking for a possible Wikipedia page that has to do with the shooting of Kijuan Bird.,2022-06-23 21:24:00
i cleaned out my ears and now everything sounds loud,The question basically boils down what I was looking for. I was scared that I had damaged something.,2022-06-25 12:07:00
billboard,I was searching once again for Billboard music chart information. I wanted to see how Running Up That Hill by Kate Bush was doing.,2022-06-24 16:52:00
game of thrones epic games,"A friend recommended me this game to play online with other friends, so I wanted to check it out",2022-06-23 22:47:00
4 person tent,I need a new tent for an upcoming camping trip. I was looking for a shopping search mainly.,2022-06-24 23:25:00
carpeggio hemisphere,I found a particular app that was recommended in a forum post. Now I wanted to see documentation for that app to see if it fits my need.,2022-06-24 20:46:00
ornament and crime arpeggiator,I have a synth module with multiple functions. I wanted to see if it had this particular application.,2022-06-24 20:29:00
i wanna dance with somebody,"This Whitney Houston song popped up in my head. I wanted to listen to it, I was hoping for a Youtube music video.",2022-06-24 11:25:00
monome crow api,I was looking for an API official documentation page.,2022-06-23 22:12:00
roe vs wade what happened,"I wanted to check what's the whole deal with this news, since it seems to be in all my social media",2022-06-25 10:00:00
bpm differences between ableton and logic reddit,This was a search to solve a problem with collaborating in music. I was trying out different search terms.,2022-06-24 21:07:00
Joranalogue Pivot2,I read about this synthesizer module. I wanted to find the official webpage so I could read more about it.,2022-06-23 23:55:00
highlight rows with conditional formatting,I wanted the exact formula to add a background to the entire row within certain conditions,2022-06-24 01:13:00
How to become an underwater welder,A friend of mine is a welder and wanted to know how to learn to become an underwater welder.,2022-06-23 19:46:00
countif function in excel,I wanted to check how to use this function properly in a Google spreadsheet,2022-06-24 10:26:00
twitter,I was looking to get to the Twitter site via a Google search.,2022-06-25 12:08:00
marbles clock input unstable,I have a synth module with a functional issue. I was hoping someone had made a forum post explaining what I could be doing wrong.,2022-06-25 01:08:00
does hydrogen peroxide dissolve ear wax,I saw a recommendation for this method to clean ears. I wanted to see more information about whether this was a good idea or not.,2022-06-25 12:02:00
soul blogspot,I like soul music and I wanted to find blogs that specialize in that genre of music.,2022-06-24 22:59:00
Who is the congressman that had a relationship with a Chinese spy?,I want to know the name of people in Congress who had a suspected relationship with this Chinese spy. Hoping I can get the name or names on the search page without clicking any links.,2022-06-24 06:35:00
Twitter Downloader,I saw a fun video on Twitter and wanted to download it and share on WhatsApp,2022-06-24 18:14:00
zero carb tortillas reddit,"I'm trying to do a keto diet. I found these zero-carb tortillas, and I've hit a snag in weight loss, I wanted to see if other people were experiencing the same thing.",2022-06-25 11:15:00
world war i,I don't really remember why I searched for this one. I think it had something to do with gig work.,2022-06-24 16:48:00
8051 microcontroller,I was looking for more information on an electronic microcontroller.,2022-06-23 18:31:00
dean norris on gas prices,I wanted to see the actor's comments on this topic,2022-06-23 23:36:00
1 foot in inches,I wanted to find out how many inches is 1 foot. I wanted to have the answer right away in a snippet rather than having to open up a link after searching.,2022-06-24 11:52:00
twitter,I was trying to get to the Twitter site via a google search.,2022-06-25 06:51:00
Bg processing Orem Utah,I get an email notice from USPS every day. I saw a letter addressed from this sender. It seemed suspicious so I was trying to gather information about them.,2022-06-25 09:47:00
twitter,I was trying to get to Twitter via a Google search.,2022-06-24 11:44:00
tempo differences between daws reddit,"A friend of mine was having issues with a song I sent him regarding tempo. I was looking to see what difference, if any, there was between different audio program.",2022-06-24 21:12:00
uvea,I wanted to find a diagram or image of the Uvea which is an eyeball part.,2022-06-24 21:27:00
How long does it take to get contact lenses,I am wanting to see an eye doctor to get contacts and want to know how long it would take to get them in the mail.,2022-06-24 07:02:00
how to program an stm32,I wanted to see what the process is for programming a particular microchip.,2022-06-23 18:29:00
sparkling ice lemonade,"I saw this on sale in a Costco circular. I'm on a keto diet, so I'm looking for no-sugar beverages.",2022-06-24 11:05:00
how to use unique function sheets,I wanted to know more about this formula in Google Sheets and some use cases.,2022-06-24 13:45:00
serengeti kenny segal,I shazaamed a song by this group. I wanted to see if they had a full length album.,2022-06-24 21:55:00
twitter,I was looking to get to the Twitter site via a Google search.,2022-06-25 07:47:00
twitter,I was trying to get through to Twitter via a Google search.,2022-06-24 07:23:00
warp logic pro,A friend was having an issue with some audio files not lining up in the grid. I wanted to see if I could figure out how to fix it for him.,2022-06-24 17:59:00
pizza delivery near 33709,I am looking for a pizza restaurant that delivers near my zip code.,2022-06-24 14:10:00
freddie freeman,"I was looking up information regarding Freddie Freeman, who was a baseball player. He was playing his old team.",2022-06-24 16:39:00
freddie freeman,"I was still looking for information about Freddie Freeman as he was playing his old team. I think maybe this time I was looking for stats/video, or that was the other time, or both.",2022-06-24 16:40:00
houston new york today,I wanted to check the results of this MLB game today since I couldn't watch it live,2022-06-23 22:19:00
ADDAC 200PI Pedal Integrator,"I was looking for a synth module that could integrate guitar pedals. I saw a recommendation for this module, and I wanted to look at the price and availability.",2022-06-24 19:17:00
9am british standard time to philippine time,I wanted to know the exact time here in my country when it is 9 am in the UK.,2022-06-23 22:53:00
dental implant failed reddit,I had a minor pain in my dental implant. I was hoping for personal anecdotes about someone else's experience about this to reassure myself.,2022-06-23 23:05:00
highlight row conditional formatting 2 values sheets,I was checking the formula to add a background to all the cells using different conditions in the same formula,2022-06-24 01:44:00
match variables sheets,I wanted to check all the conditions that I could use with the Match function in Google Spreadsheet,2022-06-24 02:13:00
fit to work class b,I was looking for the full description of Class B in issuing medical certificates for work.,2022-06-24 13:18:00
resmed cpap not turning on,My CPAP machine didn't have power. I wanted to see what possibly could be causing the issue.,2022-06-24 18:59:00
hemispheres arpeggiator,This is an alternative firmware for another synth module I have. I wanted to see if it had that particular application.,2022-06-24 20:29:00
vo2 max not improving,I've been running for the past month and my vo2 measurement hadn't been improving. I was hoping to see if I was doing something wrong.,2022-06-23 19:38:00
twitter,I was just trying to get the link to get to Twitter.,2022-06-24 18:46:00
stolperbeats,I saw a synth module being discussed in a forum. I was hoping to find more information about the yet to be released product.,2022-06-24 00:37:00
sparkling ice lemonade nutrition facts,"My previous search for this didn't yield the nutritional facts, I was hoping a more specific search would help.",2022-06-24 11:06:00
Bridal Party gifts,I want to look up some good gifts I can give my groomsmen on my wedding day.,2022-06-24 08:11:00
dirtywave m8 manual,I have a new music toy and I wanted to download the manual,2022-06-23 23:58:00
The Crow remake,I want to know if they are remaking The Crow movie and who is starring.,2022-06-23 22:00:00
air force one 1997,I was looking for info related to the movie of the same name/year as I remember reading an opinion about Harrison Ford's mood towards doing movies since then.,2022-06-25 07:22:00
Tina Charles,"Tina Charles was agreed to a divorced contract from a WNBA team, and I wanted to find more information about her.",2022-06-25 12:10:00
Wiki Aves bird ID for Spheniscidae,I was checking to see if the bird ID matched what I was given already.,2022-06-25 12:41:00
country with native language as Languages of Ethiopia,I was looking to find the answer to this question as I wanted to see if the countries that I see matched the one that I was given.,2022-06-25 12:53:00
Category:Films shot in Lyon,"I was looking to find this result on Wikimedia, or something similar at least. It's an offshoot of another search made, ""Wikimedia category for films shot in Lyon?""",2022-06-25 12:46:00
What is in the category of Ernest Renan?,This was for gig economy work. I was looking to find out any result I could that was useful/related to the given answer I had.,2022-06-25 12:37:00
q67933857,I believe this was a given answer to something so I wanted to see if any results made sense given the question I was given.,2022-06-25 12:50:00
mutable sheep firmware,I was trying to find firmware for a modular synthesizer I have. I was hoping for one that was already compiled for me.,2022-06-24 21:52:00
noiiz,"Noiiz is an audio sample platform. I knew I had a membership, but I wasn't sure if this was the actual name.",2022-06-25 12:54:00
Knob Farm Hyrlo,I saw this module on sale on a forum. It was a good price so I wanted to see more detail to see if I could use it.,2022-06-25 13:55:00
m8 shortcuts,I have a music instrument that has a few general purpose keys. I wanted to find a list of the key shortcuts.,2022-06-24 23:40:00
Wikimedia category for films shot in Lyon,"I was attempting to look again for a Wikimedia category for films shot in Lyon, as I did this same search just a bit earlier than this one. I was hoping to find something that I missed previously, I imagine.",2022-06-25 12:51:00
county of Saint Lucia national cricket team,I was checking to see if the county of the Saint Lucia national cricket team was the same one as the one that I was given.,2022-06-25 12:54:00
county of the road whose route end is Pahang,I was given an answer to this question and I wanted to verify that the given county was true.,2022-06-25 12:54:00
spheniscus,"I was trying to find a specific Wiki Aves bird ID but was having problems, so I was just going by a similar search.",2022-06-25 12:43:00
sby2DTTM2_Q,This was the given answer to something. I tried to see if this could lead me anywhere as a previous related search didn't turn up too much from what I can recall.,2022-06-25 12:49:00
man vs bee,"I was watching, I believe, a Vanity Fair YouTube Video where Rowan Atkinson went through his career and this was the name of a new show, which I've never heard of. I was hoping to find out more info about it.",2022-06-25 13:23:00
Youtube Tag of Zaha Hadid,"I was looking to see if this was a person and also to make sure they had a tag. I was hoping to see that the YouTube tag was the same as a channel ID and that if it was, that it matched with the given one I already had.",2022-06-25 12:48:00
"Xenopus Anatomical Ontology ID for the ""musculoskeletal system""","I really wanted to make sure the results included the ""musculoskeletal system,"" otherwise this is the same search I made at the same time just prior. I wanted to see the ID for the musculoskeletal system from this specific entity.",2022-06-25 12:47:00
Xenopus Anatomical Ontology ID for the musculoskeletal system,"I was looking for the musculoskeletal system ID from this entity. I was hoping to find the ID easily in the first result and, even better, if I could see it without opening the page.",2022-06-25 12:47:00
"Wiki Aves bird ID for ""Spheniscidae""",The result was more specific than the previous one I just entered as I wanted to make sure the last word was included in the results. The intent was to try to find if the bird ID matched the given answer I had to begin with.,2022-06-25 12:42:00
county seat of Atlanta called,I wanted to find out what the county seat of Atlanta was called. I was hoping to see if I can find an answer that verifies or disproves the given answer I had.,2022-06-25 12:55:00
Wikimedia category for films shot in Lyon?,"I was looking up to see if there was a Wikimedia category specifically devoted to films shot in Lyon, and see if the result matched the given answer I had. I was hoping it would be just an easy match.",2022-06-25 12:43:00
UNDP country code of SÃ£o TomÃ© and PrÃ­ncipe,"I was trying to find the specific UNDP country code for SÃ£o TomÃ© and PrÃ­ncipe and was able to find it. I found it pretty easily, if I remember.",2022-06-25 12:40:00
country whose leader was once Valentina Matviyenko,I was trying to find an answer to how many countries this person was a leader for and seeing if it matched up with the answer I was given.,2022-06-25 12:52:00
gimp how to remove everything of a certain color,"I was making photo edits, and wasn't sure how to remove certain things.",2022-06-25 14:18:00
World Rugby Hall of Fame ID for Colin Meads,I was looking for a World Rugby Hall of Fame ID for Colin Meads. I was hoping it'd be a link to a webpage or something I could find just on the Google search page itself.,2022-06-25 12:46:00
Unifrance company id for NHK,I had a given answer in place for NHK. I was trying to do a Google search with this criteria to find if the correct answer was the same as the given one.,2022-06-25 12:40:00
jungle jungle sample pack reddit,I was hoping to find a long out-of-print drum sample pack. I hoped that there had been a Reddit discussion.,2022-06-25 12:57:00
u00e9,This was something that I saw in a given answer and was just covering my bases. I wanted to see if it meant something or if it was an error in formatting.,2022-06-25 12:51:00
palaeospheniscinae,"I was trying to find more data out about the Wiki Aves bird ID for Spheniscidae, and this was a more specific search, I believe.",2022-06-25 12:42:00
What is in the category connector of USB-C?,"This was for a gig work search, so I was trying to find out information that could help me answer this question and compare it to given answers.",2022-06-25 12:33:00
forest caver github,I was looking for a particular GitHub repository and I only remembered the user's name.,2022-06-27 16:43:00
Chico Hamilton Group,I shazaamed a song by this group. Now I was hoping to hear some of their other songs.,2022-06-25 20:10:00
WWF New York lita stephanie,"I read on Reddit that Stephanie McMahon forced the wrestler Lita had been forced to ""striptease"" at WWF New York decades ago. I was trying to find any transcript from an interview or any additional information.",2022-06-27 11:02:00
nebulae v2 vs morphagene,I wanted a comparison of two different synth modules. They are similar so I wanted to know which one would be better suited for my needs.,2022-06-27 10:40:00
twitter,"I was looking to get to the Twitter site, so I did so via a Google search.",2022-06-26 22:24:00
labrum,I read online that a wrestler was suffering from a labrum injury. I just wanted to confirm which body part that was.,2022-06-27 14:49:00
human homeostasis,"I was looking for the definition of ""human homeostasis"".",2022-07-12 16:31:00
strawberry lake camping reservations,"I'm planning a camping trip. I'm hoping to find an online reservation website, but if not at least a phone number.",2022-06-26 11:21:00
Winterbloom Modular.,I heard about a modular synthesizer company. I wanted more information about their products.,2022-06-25 23:45:00
t12 soldering station.,I'm in the market for a new soldering iron. I heard this one is a good one.,2022-06-25 23:14:00
UNII for silver nitrate?,I had a given answer for the UNII and I was looking to confirm that through a Google Search.,2022-06-29 01:25:00
twitter,"I was looking to get to Twitter, so I did so via a Google search.",2022-06-27 10:22:00
word counter,"I was looking for a site that I could paste what I typed into a box to see how many words it was. I expected to find a site very easily, as I've done it before.",2022-06-26 08:41:00
twitter,I wanted to get to the Twitter site via a Google search.,2022-06-26 11:08:00
intellijel buff mult precision modwiggler,I wanted to know how precise this module is in terms of voltage drop. Modwiggler is a forum with a lot of answers for this type of question.,2022-06-27 10:51:00
mlb games today,I wanted to check which teams were playing today in the MLB and the exact hours,2022-06-25 16:36:00
6pm.com deals,I am looking for some new shoes and looking for deals.,2022-06-27 10:33:00
Aimee Garcia,I was watching a movie with this actress. I thought she looked familiar so I wanted to see her filmography to see if my hunch was correct.,2022-06-25 21:25:00
Terminal ASCII art,I was curious if it was possible to do ASCII within the terminal of MacOS.,2022-06-25 22:03:00
there will be blood,"I got on the topic of Daniel Day-Lewis and was looking for more information about There Will Be Blood, which is a movie. I expected to see a Wikipedia entry.",2022-06-26 13:06:00
gimp fuzzy select tool,"I was following a tutorial, but it I wasn't sure what the fuzzy select tool looked like.",2022-06-25 14:23:00
what antidepressants are maoi,I was getting sick and I am on antidepressants. I wanted to see if the antidepressant that I was on was an MAOI to see if it interfered with the Delsym that I wanted to take.,2022-06-26 07:33:00
mitb,"I was looking to see when Money in the Bank, a WWE show, would be taking place. I figured I'd get an answer from this search.",2022-06-26 14:16:00
1u precision adder,I'm looking for this type of synth module in the 1U size as opposed to the 3U size.,2022-06-27 11:01:00
mutable veils panel github,Mutable Veils is an open-source synth module. I was hoping that someone had designed the front panel from it and posted it to Github.,2022-06-25 18:39:00
Kevin Costner: Gene Hackman,"I wanted to find out what movies Kevin Costner and Gene Hackman co-starred in after watching an interview with Kevin Costner. I was just looking for a movie, not necessarily a list.",2022-06-26 10:16:00
best way to clean ear wax reddit,I had come back from a run and my ear was blocked. I wanted to visit Reddit for personal andecdotes.,2022-06-25 23:48:00
twitter,I wanted to get to the Twitter site via a Google search.,2022-06-26 08:06:00
Sweetfrog near me,I was in DC and looking for the closest Sweet Frog to where I was located.,2022-06-28 13:15:00
super orange emergen c,I just purchased some at the store at I just wanted to read more information on the ingredients in the product.,2022-06-27 05:46:00
nausea,I was looking for a definition of nausea. I was expecting to find a decent definition that would give me a clear picture on nausea.,2022-06-27 16:18:00
twitter,I was looking to get to the Twitter site via a Google search.,2022-06-26 16:12:00
opa4991,I was looking at an electronic component for a circuit board. I wanted to check for price and availability.,2022-06-26 07:48:00
30 day notice to end lease utah,My mother asked for help in ending a lease for her tenant. I was hoping for a template I could fill out.,2022-06-26 08:04:00
twitter,I wanted to get to the Twitter site via a Google search.,2022-06-26 10:06:00
twitter,"I wanted to get to the Twitter site, so I did that via a Google search.",2022-06-26 21:37:00
Black pool combat club,My query is the name of a wrestling stable. I wanted to find how many wrestlers are in the stable and what their names are.,2022-06-27 15:02:00
Main Street Driving,I am looking up the driving schools in the area so I can register my son for drivers Ed.,2022-06-27 10:23:00
adam cole,I read the wrestler Adam Cole had been injured at a pay per view the night before. I just wanted to see if I could find any information or the video showing which part of the match it happened.,2022-06-27 14:46:00
covid home test faint control line,I took an at home Covid test and wanted to confirm that a faint control line was still a valid test. I was hoping to find just a snippet of an answer at the top of the results page.,2022-06-28 11:56:00
ts-b2 tip,I was looking for a different soldering iron tip because I don't think I like the new one.,2022-06-27 18:04:00
forbidden door results,There was a wrestling pay per view that I missed last night and I wanted to read the results. I was expecting to find various wrestling news stories at the top of the page.,2022-06-27 15:15:00
Hummus recipes with lemon,I am looking for a hummus recipe with lemon.,2022-06-28 19:48:00
Cool ranch chicken tacos,I was looking for a recipe to make cool ranch chicken tacos.,2022-06-28 08:18:00
Fogo de Chao steakhouse dc,I wanted to find the address of the Fogo De Chao steakhouse in Washington D.C.,2022-06-28 11:36:00
good omens season 2,I was listening to an interview with David Tennant and they were talking about Good Omens. I wanted to know more info about the series.,2022-06-27 23:09:00
mb tuxedo,mb tuxedo is a tux specialty shop and bridal shop and I was wanting to look them up to see their store hours.,2022-06-27 20:31:00
norco game,I read about a game and I wanted to see more information whether it was a review or a video.,2022-06-28 00:53:00
Which is the UNESCO Thesaurus ID for vandalism?,"I was hoping to find an answer to the query, as I had a given answer and was looking for a way to confirm it.",2022-06-29 01:22:00
i have an irl problem with someone in the acclaimed reddit aew,I searched text from an alleged Reddit post in hopes of confirming a thread does or does not exist. I was hoping to find the actual thread this text was written in.,2022-06-28 18:48:00
twitter,I wanted to get to the Twitter site so I did a Google search expecting to see Twitter as the first result.,2022-06-27 20:18:00
max caster,I was trying to find a photo of the wrestler Max Caster to confirm he is who I was thinking of.,2022-06-28 18:50:00
WWF New York lita striptease,"I read on Reddit that the wrestler Lita was forced to ""striptease"" at WWF New York. I was expecting to find a snippet from an interview or other information about the situation.",2022-06-27 11:02:00
wings ole,There is a local restaurant called wings ole and I wanted to see what time they closed.,2022-06-28 20:08:00
https://t.co/OvuQJew53L,"I dragged this text to a URL bar assuming it would take me to a tweet, but I did not see the n there at the beginning (at least, I don't think). No other intent that I can remember.",2022-06-27 13:02:00
hill's science metabolic and mobility dog food,"My dog has prescribed this food. It wasn't in stock at the store, so I was looking for it online.",2022-06-27 15:38:00
Chrestianoi,I was reading about Biblical history and this term popped up. I wanted to get a definition and quickly see the context in which it is used.,2022-06-27 16:35:00
pizza hut,I was looking for one of our local pizza hut's phone numbers to call and place an order.,2022-06-28 20:42:00
adam cole concussion,I heard about the wrestler Adam Cole suffering a concussion on a pay per view and wanted more info. I'm expecting to find news results with more or any information on the injury.,2022-06-27 17:47:00
petsmart,My dog had an appointment and I needed to call the vet first.,2022-06-27 15:29:00
i have an irl problem with someone in the acclaimed reddit,I was trying to find a specific Reddit thread to confirm a rumor I found on a wrestling message board. I was hoping to find the actual Reddit thread.,2022-06-28 18:48:00
orbitz,I wanted to check airlines prices for various destinations. I was hoping for the actual Orbitz website to be at the top of my search.,2022-06-27 15:53:00
does pearson lock assignments,"Since I cannot find a code for access to Pearson's assignments, and since Pearson offers a free 14 day trial, I wanted to see if all assignments would be available immediately. If assignments are not locked, and available throughout the course, then I will complete all the Pearson assignments before the 14 day trial is up, and not have to worry about Pearson for the rest of the course.",2022-06-27 12:51:00
C0017380,"I believe this was the UMLS CUI for standard genetic code, but I just copy and pasted this answer to see what it might turn up and if it could confirm anything.",2022-06-29 01:21:00
Resellers Location,"I was looking for additional clarification on resellers. I was hoping to find some info related to brands and locations, possibly to get an idea for a gig work task.",2022-06-28 20:40:00
chrestos vs christos,"I was reading about Biblical history and saw the term ""chrestos"" referring to Jesus. I wanted to know more information from scholars on whether or not the term was more often used than ""christos"" during early Christianity.",2022-06-27 16:34:00
banfield west valley,I realized searching for the name of the vet clinic would be quicker to find the phone number.,2022-06-27 15:29:00
ts-b2 tip ebay,"I figured I would search for the tip on eBay, because sometimes it is cheaper there.",2022-06-27 18:05:00
opti free or bio true,I recently got contacts from an eye exam and wanted to see which contact solution is the best.,2022-06-28 20:24:00
slovak to english,I had a word or sentence I wanted to translate to English. I was hoping the search would bring up Google translate.,2022-06-27 16:15:00
twitter,"I wanted to get to the Twitter site, so I did so via a Google search.",2022-06-27 19:41:00
detroit style pizza hut,I wanted to see if pizza hut made a certain style of pizza or if they discontinued it from their menu.,2022-06-28 20:36:00
WWF New York,I was reading about an incident that occured at WWF New York decades ago. I knew my search wouldn't return that specific result and can't remember why I searched this specific query.,2022-06-27 11:02:00
twitter,"I wanted to access Twitter, so I did so via a Google search as I knew the first link would be Twitter.",2022-06-28 12:33:00
citizen ruth prime,I was searching to see if the movie was available on Amazon Prime. I was expecting to find the actual Prime website at the top.,2022-06-27 13:58:00
ender 5 board replacement,"My 3d printer has stopped working, and I believe I need a new mainboard. So I'm trying to find a replacement",2022-06-27 19:19:00
gospel of thomas james,I was looking for a passage from the Gospel of Thomas that referred to James. I was hoping passage would be the top result and I could just read it and move on.,2022-06-27 16:21:00
Which is the UMLS CUI for standard genetic code?,I was given an answer to what the UMLS CUI was and I wanted to see if that answer could be confirmed through a search.,2022-06-29 01:20:00
Pozsony,I just wanted quick confirmation that this referred to the Slovak city Bratislava. I was hoping for Wikipedia or another reputable entry at the top of the results.,2022-06-27 16:03:00
Free Pearson access code Reddit,I am taking a summer course and I need to use Pearson for the assignments. Access is over $100 so I was trying to look up a code to use.,2022-06-27 12:39:00
twitter,I wanted to get to the Twitter site and knew I could do so via a Google search.,2022-06-28 16:05:00
ts-d24 tip drag soldering,"I have a new soldering iron tip, but it felt a little awkward so I was looking for a tip on how to use it.",2022-06-27 18:04:00
lip swelling,I was looking to find some pictures related to lip swelling. I was wondering if it could be related to general redness/dry lips/sore lips.,2022-06-27 16:22:00
"""I have an IRL problem with someone in the acclaimed""",I was trying to find a specific Reddit thread to confirm a rumor I found on a wrestling message board. I was hoping to find the actual Reddit thread by searching different variations of the text and query.,2022-06-28 18:48:00
"""I have an IRL problem with somebody in the acclaimed""",I was trying to find a specific Reddit thread to confirm a rumor I found on a wrestling message board. I was hoping to find the actual Reddit thread by searching different variations of the text and query.,2022-06-28 18:48:00
how do i know if spider bit me,I had swelling on my arm and I had suspicious marks. I was a bit paranoid that a spider bit me.,2022-06-27 21:13:00
UNESCO language status for Finnish?,"I had a given answer to this query, and I was hoping to see if I can confirm it on a site.",2022-06-29 01:23:00
boil,I was trying to see pictures related to what boils on the body look like. I was hoping the search would provide some clarification.,2022-06-27 16:16:00
Tippi Hedren,I wanted to watch the movie Citizen Ruth and saw her name. I couldn't remember which character she was so I googled it.,2022-06-27 13:59:00
twitter,"I wanted to get to the Twitter site, and I knew I could do so via a Google search and clicking the first link.",2022-06-28 21:23:00
Skr mini e3 v1.2,"I found this board recommended as a replacement, so I wanted more information.",2022-06-27 19:21:00
amtrak,I received a CNN update on my phone about the Amtrak derailment in Missouri and wanted to find additional information. I hoped to find various news articles at the top of my search results.,2022-06-27 15:31:00
trf,Was searching for songs from a Japanese pop group.,2022-06-27 09:58:00
twitter,I wanted to get to Twitter so I did a Google search to get the link to the site.,2022-06-27 13:02:00
garmin coach can i do a workout i missed,"I was too tired to do a scheduled workout, so I wanted to skip a day without skipping a workout that I wanted to do.",2022-06-28 07:48:00
Unifrance person ID for Patrick Dewaere?,I had a given Unifrance person ID but I wanted to confirm it through a Google search.,2022-06-29 01:27:00
"""V&A"" artwork ID for California Institute of the Arts?","I searched for the same result without """" a minute earlier but I added the """" to see if I could find anything more specific.",2022-06-29 01:30:00
V&A artwork ID for California Institute of the Arts?,I had a given V&A artwork ID but I wanted to Google search to confirm the ID.,2022-06-29 01:29:00
how to pan fry bratwurst,I am making brats on the stove top and wanted to check the cook time,2022-06-29 08:15:00
Unz Review author identifier for Sherwood Anderson?,I had a given Unz Review author identifier but I wanted to confirm it through a Google search.,2022-06-29 01:28:00
